title,price,url
هدفون بی سیم اپل ایرپاد پرو Airpods pro  (کپی) ا Apple AirPods Pro Wireless Headphones,95590,https://torob.com/p/42b48a86-7190-4f68-8830-d82cbd07ff06/%D9%87%D8%AF%D9%81%D9%88%D9%86-%D8%A8%DB%8C-%D8%B3%DB%8C%D9%85-%D8%A7%D9%BE%D9%84-%D8%A7%DB%8C%D8%B1%D9%BE%D8%A7%D8%AF-%D9%BE%D8%B1%D9%88-airpods-pro-%DA%A9%D9%BE%DB%8C/
هندزفری بلوتوثی مدل پرو Airpod pro 6 - سفید ا Airpod pro 6 Headphone,123990,https://torob.com/p/f5e94246-fcde-4665-a55b-dfd003c4fba8/%D9%87%D9%86%D8%AF%D8%B2%D9%81%D8%B1%DB%8C-%D8%A8%D9%84%D9%88%D8%AA%D9%88%D8%AB%DB%8C-%D9%85%D8%AF%D9%84-%D9%BE%D8%B1%D9%88-airpod-pro-6-%D8%B3%D9%81%DB%8C%D8%AF/
ایرپاد پرو ۳ اپل های کپی - سفید ا Airpods pro3,199000,https://torob.com/p/0b175a22-0c1b-4802-9c68-d9d98f6f04b5/%D8%A7%DB%8C%D8%B1%D9%BE%D8%A7%D8%AF-%D9%BE%D8%B1%D9%88-3-%D8%A7%D9%BE%D9%84-%D9%87%D8%A7%DB%8C-%DA%A9%D9%BE%DB%8C-%D8%B3%D9%81%DB%8C%D8%AF/
ایرپاد پرو6های کپی airpods pro 6 هندزفری بلوتوث کیفیت عالی,360000,https://torob.com/p/30b7f4dc-4d96-4f50-b9dc-53bb3dc90931/%D8%A7%DB%8C%D8%B1%D9%BE%D8%A7%D8%AF-%D9%BE%D8%B1%D9%886%D9%87%D8%A7%DB%8C-%DA%A9%D9%BE%DB%8C-airpods-pro-6-%D9%87%D9%86%D8%AF%D8%B2%D9%81%D8%B1%DB%8C-%D8%A8%D9%84%D9%88%D8%AA%D9%88%D8%AB-%DA%A9%DB%8C%D9%81%DB%8C%D8%AA-%D8%B9%D8%A7%D9%84%DB%8C/
ایرپاد پرو 2های کپی airpods pro2 هندزفری بلوتوث,390000,https://torob.com/p/8808e60e-b404-4f9e-9261-6b814a580c77/%D8%A7%DB%8C%D8%B1%D9%BE%D8%A7%D8%AF-%D9%BE%D8%B1%D9%88-2%D9%87%D8%A7%DB%8C-%DA%A9%D9%BE%DB%8C-airpods-pro2-%D9%87%D9%86%D8%AF%D8%B2%D9%81%D8%B1%DB%8C-%D8%A8%D9%84%D9%88%D8%AA%D9%88%D8%AB/
ایرپاد گیمینگ Q25pro airpods,415000,https://torob.com/p/2c3fef6d-5614-48cf-8616-b3ac50e18ff4/%D8%A7%DB%8C%D8%B1%D9%BE%D8%A7%D8%AF-%DA%AF%DB%8C%D9%85%DB%8C%D9%86%DA%AF-q25pro-airpods/
ایرپاد پرو anc ا Airpods pro anc,489000,https://torob.com/p/7f25c84d-d128-43c4-b169-0e51f4ae9be5/%D8%A7%DB%8C%D8%B1%D9%BE%D8%A7%D8%AF-%D9%BE%D8%B1%D9%88-anc/
Airpods pro هندزفری بلوتوث,495000,https://torob.com/p/a4294b82-d677-4c4a-bd1a-e3ccf4a6fdcd/airpods-pro-%D9%87%D9%86%D8%AF%D8%B2%D9%81%D8%B1%DB%8C-%D8%A8%D9%84%D9%88%D8%AA%D9%88%D8%AB/
هدفون بی سیم اپل ایرپاد پرو Airpods pro (های کپی) ا Apple AirPods Pro Wireless Headphones,499000,https://torob.com/p/8ec92956-2927-4350-95e2-9ef7400283c4/%D9%87%D8%AF%D9%81%D9%88%D9%86-%D8%A8%DB%8C-%D8%B3%DB%8C%D9%85-%D8%A7%D9%BE%D9%84-%D8%A7%DB%8C%D8%B1%D9%BE%D8%A7%D8%AF-%D9%BE%D8%B1%D9%88-airpods-pro-%D9%87%D8%A7%DB%8C-%DA%A9%D9%BE%DB%8C/
ایرپاد صورتی رنگ Favors i12 pro ا Favors Ios Android Uyumlu Dokunmatik Bluetooth Kulaklık 8d Stereo Hd Ses İnpods Pembe Uyumlu airpods i12 pro,600000,https://torob.com/p/638002fc-8b0d-40bf-bebe-4792c5178d22/%D8%A7%DB%8C%D8%B1%D9%BE%D8%A7%D8%AF-%D8%B5%D9%88%D8%B1%D8%AA%DB%8C-%D8%B1%D9%86%DA%AF-favors-i12-pro/
هندزفری بلوتوثی بیکارو Aro Pods 2 ا aropro beecaro aropods II,635000,https://torob.com/p/b4a17009-d00b-4304-acde-eed691025e3c/%D9%87%D9%86%D8%AF%D8%B2%D9%81%D8%B1%DB%8C-%D8%A8%D9%84%D9%88%D8%AA%D9%88%D8%AB%DB%8C-%D8%A8%DB%8C%DA%A9%D8%A7%D8%B1%D9%88-aro-pods-2/
ایرپاد AirPods Haino Teko 8 pro,718200,https://torob.com/p/aaef3962-8685-4051-a803-ebf697475e04/%D8%A7%DB%8C%D8%B1%D9%BE%D8%A7%D8%AF-airpods-haino-teko-8-pro/
هندزفری بی سیم بلوتوثی Airpods pro ا Airpods pro,798000,https://torob.com/p/bd8b9d61-60e4-4a10-b9e0-db17ac6b9717/%D9%87%D9%86%D8%AF%D8%B2%D9%81%D8%B1%DB%8C-%D8%A8%DB%8C-%D8%B3%DB%8C%D9%85-%D8%A8%D9%84%D9%88%D8%AA%D9%88%D8%AB%DB%8C-airpods-pro/
ایرپاد پرو لنوو Air buds pro Lenovo ا AIRPODS PRO LENOVO,800000,https://torob.com/p/52d3cefe-bf0f-4a2f-ac00-156eb557842b/%D8%A7%DB%8C%D8%B1%D9%BE%D8%A7%D8%AF-%D9%BE%D8%B1%D9%88-%D9%84%D9%86%D9%88%D9%88-air-buds-pro-lenovo/
هندزفری ایرپاد برند TRICAT مدل Airpods pro - سفید,900000,https://torob.com/p/d9298853-1ded-43a9-830e-69eb53ffae0f/%D9%87%D9%86%D8%AF%D8%B2%D9%81%D8%B1%DB%8C-%D8%A7%DB%8C%D8%B1%D9%BE%D8%A7%D8%AF-%D8%A8%D8%B1%D9%86%D8%AF-tricat-%D9%85%D8%AF%D9%84-airpods-pro-%D8%B3%D9%81%DB%8C%D8%AF/
ایرپاد پرو فول کپی (درجه کیفیتA) ا airpods pro fullcopy (A),1180000,https://torob.com/p/7ed1c9ae-5983-43c3-8e44-293191211b40/%D8%A7%DB%8C%D8%B1%D9%BE%D8%A7%D8%AF-%D9%BE%D8%B1%D9%88-%D9%81%D9%88%D9%84-%DA%A9%D9%BE%DB%8C-%D8%AF%D8%B1%D8%AC%D9%87-%DA%A9%DB%8C%D9%81%DB%8C%D8%AAa/
هدفون بی سیم اپل ایرپاد پرو Airpods pro (اصل) ا Apple Airpod pro Headphone,7290000,https://torob.com/p/371fd814-48fe-4104-97f0-978045613631/%D9%87%D8%AF%D9%81%D9%88%D9%86-%D8%A8%DB%8C-%D8%B3%DB%8C%D9%85-%D8%A7%D9%BE%D9%84-%D8%A7%DB%8C%D8%B1%D9%BE%D8%A7%D8%AF-%D9%BE%D8%B1%D9%88-airpods-pro-%D8%A7%D8%B5%D9%84-%D8%A7-apple-airpod-pro-headphone/
هدفون بی سیم اپل ایرپاد پرو Airpods pro (اصل) ا Apple Airpod pro Headphone,7300000,https://torob.com/p/4b4c9094-aaa4-4ec8-b80a-435987ea4b5b/%D9%87%D8%AF%D9%81%D9%88%D9%86-%D8%A8%DB%8C-%D8%B3%DB%8C%D9%85-%D8%A7%D9%BE%D9%84-%D8%A7%DB%8C%D8%B1%D9%BE%D8%A7%D8%AF-%D9%BE%D8%B1%D9%88-airpods-pro-%D8%A7%D8%B5%D9%84/
